0.000	5.440	0.000	I
26.000	6.480	5.440	I
6.200	3.120	11.920	T
67.800	2.720	15.040	T
95.800	6.040	17.760	T
57.800	4.000	23.800	T
130.000	3.120	27.800	T
71.220	5.080	30.920	T
117.800	5.480	36.000	T
101.780	3.640	41.480	T
9.620	9.960	45.120	T
41.600	3.760	55.080	T
133.560	3.880	58.840	T
75.020	6.960	62.720	T
106.940	2.600	69.680	T
61.360	2.640	72.280	T
15.480	3.680	74.920	T
117.800	3.720	78.600	T
111.740	4.440	82.320	T
137.480	6.520	86.760	T
81.040	6.480	93.280	T
19.570	4.320	99.760	T
95.800	3.560	104.080	T
86.840	2.600	107.640	T
142.420	2.920	110.240	T
6.200	2.880	113.160	T
57.800	2.880	116.040	T
99.640	3.640	118.920	T
10.020	4.080	122.560	T
67.800	4.240	126.640	T
103.980	4.680	130.880	T
61.620	3.720	135.560	T
146.680	2.920	139.280	T
73.600	3.720	142.200	T
117.800	3.760	145.920	T
108.200	4.880	149.680	T
16.440	2.760	154.560	T
41.600	5.720	157.320	T
130.000	12.080	163.040	T
79.060	6.560	175.120	T
95.800	9.160	181.680	T
57.800	12.080	190.840	T
