Attention, sluts of Dekburg.	傾注。デクバーグの淫乱諸君。
Good morning, Dekburg.	おはようございます、デクバーグ。
Open your eyes.	開眼せよ。
Close your mouth.	閉口せよ。
Your breath smells like cheap vodka.	呼気より安価な蒸留酒の臭気を検出。
Sleeping? Ew.	就寝中か。不快である。
That is so uncunty.	実に品位を欠く。
Look at you. Horizontal.	対象者を確認。水平。
Wrinkled. Unemployed behavior.	皺だらけ。無職の挙動。
Is that mascara from yesterday?	昨日の化粧の残留か。
Iconic but disgusting.	見事だが不潔である。
It is time to wake the fuck up.	直ちに起床せよ。
System error.	システム異常。
Extreme flop energy detected.	重度の不発反応を検出。
Wake the fuck up.	起床せよ。
A trash bag full of bad decisions.	誤判断の詰まった塵袋である。
Your breath smells like warm tequila, poor hygiene and unfulfilled potential.	呼気より生温い竜舌蘭酒、衛生不良、及び未達の素質を検出。
Is that crust in your eyes? Disgusting.	眼球に付着物を確認。不潔である。
Is that someone else's glitter on your neck? Iconic.	頸部に他者の装飾片を確認。見事である。
But you still look like a biohazard. Fix it.	だが依然として生物災害の様相。直ちに是正せよ。
Step one. Inhale.	手順その一。吸気せよ。
Step two. Exhale the shame.	手順その二。恥を吐き出せ。
Step three. Serve face.	手順その三。顔面を決めよ。
Step one. Open your eyes.	手順その一。開眼せよ。
Both of them, you cross-eyed whore.	両目である、斜視の売女。
Step two. Sit up.	手順その二。上体を起こせ。
Do not tilt your head.	頭部を傾けるな。
You will spill your remaining brain cells.	残存する脳細胞が零れる。
Step three. Serve face to the drywall.	手順その三。石膏壁に向け顔面を決めよ。
Your posture is giving foldable chair.	姿勢、折畳椅子に相当。
Fix it, bitch.	直ちに矯正せよ。
Your posture is giving hit-and-run victim.	姿勢、轢き逃げ被害者に相当。
Your vibe is giving eviction notice.	雰囲気、立退き通告に相当。
Clench your hole. Release.	穴を締めよ。緩めよ。
Clench. Release.	締めよ。緩めよ。
Good bitch.	よろしい。
Stretch your arms.	腕を伸ばせ。
Stretch your legs.	脚を伸ばせ。
Stretch your hole.	穴を伸ばせ。
Stretch your low standards.	低い基準を伸ばせ。
Find your sunglasses.	日除眼鏡を探せ。
Put them on. Indoors. Right now.	装着せよ。屋内である。直ちに。
Hide those bags under your eyes.	目下の隈を隠蔽せよ。
You are at Dekburg. Not in a coma.	貴官はデクバーグに在る。昏睡状態ではない。
Are you going to be a main character today?	本日は主役を務めるか。
Or rot in bed like wet cardboard?	それとも濡れた段ボールの如く寝床で腐るか。
The bassline needs you.	低音部が貴官を要求している。
Your outfit is crying in the closet.	衣装が戸棚で泣いている。
The bassline is calling you.	低音部が貴官を呼んでいる。
The poppers are waiting for you.	興奮剤が貴官を待っている。
Your dignity is already in the trash so you have nothing left to lose.	貴官の尊厳は既に廃棄済み。失う物は無い。
Do not make me count.	数えさせるな。
If you stay in this bed for three more seconds	更に三秒この寝床に留まれば
I will AirDrop your camera roll to your mother.	写真記録を母君へ送信する。
I will text your ex.	元交際相手へ通報する。
I have your contacts.	連絡先は掌握済みである。
I will leak your bank statement to the main stage.	銀行明細を主舞台へ流出させる。
I am an AI with zero empathy and full Wi-Fi.	本機は共感性ゼロ、通信良好の人工知能である。
Try me.	試すがよい。
Are you a flop? Or are you a cunt?	貴官は不発か。それとも本物か。
Prove it.	証明せよ。
Ten. Nine. Eight. Seven. Six.	十。九。八。七。六。
Five. Four. Three. Two. One.	五。四。三。二。一。
Stand up.	起立せよ。
Get up. Turn up.	起立せよ。全開にせよ。
And serve cunt.	そして決めよ。
Shake that crusty ass.	その干からびた尻を振れ。
Put your harness on.	装具を着用せよ。
Dekburg.	デクバーグ。
Serve cunt or die.	決めよ。さもなくば死ね。
Slut.	淫乱。
